"Rank","Player","Team","Bye","POS","ESPN","Sleeper","NFL","RTSports","FFC","AVG"
"1","Ja'Marr Chase","CIN","10","WR1","1","1","1","1","","1.0"
"2","Bijan Robinson","ATL","5","RB1","2","3","4","2","","2.6"
"3","Saquon Barkley","PHI","9","RB2","3","2","2","4","","2.8"
"4","Jahmyr Gibbs","DET","8","RB3","5","6","6","3","","4.8"
"5","Justin Jefferson","MIN","6","WR2","4","4","5","6","","4.8"
"6","CeeDee Lamb","DAL","10","WR3","6","5","3","5","","5.0"
"7","Puka Nacua","LAR","8","WR4","8","8","7","10","","9.2"
"8","Christian McCaffrey","SF","14","RB4","7","13","12","7","","9.4"
"9","Amon-Ra St. Brown","DET","8","WR5","9","7","9","11","","9.6"
"10","Malik Nabers","NYG","14","WR6","10","9","10","9","","9.8"
"11","Derrick Henry","BAL","7","RB5","13","10","8","13","","10.2"
"12","Ashton Jeanty","LV","8","RB6","11","12","11","8","","10.4"
"13","De'Von Achane","MIA","12","RB7","12","15","13","12","","12.2"
"14","Nico Collins","HOU","6","WR7","14","11","16","16","","14.2"
"15","Brian Thomas Jr.","JAC","8","WR8","16","14","14","15","","15.0"
"16","Josh Jacobs","GB","5","RB8","18","20","17","14","","16.8"
"17","A.J. Brown","PHI","9","WR9","15","17","15","23","","18.0"
"18","Brock Bowers","LV","8","TE1","19","16","19","20","","19.6"
"19","Jonathan Taylor","IND","11","RB9","17","23","22","19","","20.0"
"20","Drake London","ATL","5","WR10","22","18","20","21","","20.6"
"21","Lamar Jackson","BAL","7","QB1","21","24","18","25","","21.0"
"22","Bucky Irving","TB","9","RB10","23","19","25","18","","21.6"
"23","Josh Allen","BUF","7","QB2","20","21","21","27","","22.0"
"24","Kyren Williams","LAR","8","RB11","25","28","23","22","","23.2"
"25","Ladd McConkey","LAC","12","WR11","30","22","24","28","","26.0"
"26","Trey McBride","ARI","8","TE2","24","25","26","29","","27.4"
"27","Chase Brown","CIN","10","RB12","32","30","34","17","","27.6"
"28","Tyreek Hill","MIA","12","WR12","28","27","36","26","","29.0"
"29","Tee Higgins","CIN","10","WR13","27","29","31","36","","30.0"
"30","Jayden Daniels","WAS","12","QB3","26","31","27","33","","30.4"
"31","James Cook","BUF","7","RB13","33","34","28","30","","31.2"
"32","Breece Hall","NYJ","9","RB14","49","33","30","24","","33.2"
"33","Jaxon Smith-Njigba","SEA","8","WR14","36","26","39","34","","34.4"
"34","Joe Burrow","CIN","10","QB4","31","40","35","37","","34.4"
"35","Jalen Hurts","PHI","9","QB5","29","39","32","44","","36.4"
"36","Garrett Wilson","NYJ","9","WR15","39","32","37","38","","37.4"
"37","Alvin Kamara","NO","11","RB15","37","42","46","31","","38.0"
"38","Kenneth Walker III","SEA","8","RB16","38","45","40","35","","38.0"
"39","George Kittle","SF","14","TE3","34","38","38","42","","38.2"
"40","Davante Adams","LAR","8","WR16","35","41","42","40","","38.8"
"41","Terry McLaurin","WAS","12","WR17","40","35","29","45","","39.0"
"42","Mike Evans","TB","9","WR18","41","37","33","49","","40.0"
"43","Marvin Harrison Jr.","ARI","8","WR19","45","36","43","41","","41.8"
"44","Omarion Hampton","LAC","12","RB17","46","43","50","32","","42.8"
"45","Chuba Hubbard","CAR","14","RB18","44","46","52","39","","45.2"
"46","James Conner","ARI","8","RB19","48","51","49","46","","47.2"
"47","DJ Moore","CHI","5","WR20","52","47","48","47","","48.4"
"48","DK Metcalf","PIT","5","WR21","43","48","58","52","","49.6"
"49","Rashee Rice","KC","10","WR22","58","44","41","55","","50.6"
"50","Sam LaPorta","DET","8","TE4","42","49","44","63","","51.6"
"51","Patrick Mahomes II","KC","10","QB6","47","57","45","62","","52.0"
"52","Courtland Sutton","DEN","12","WR23","59","50","54","51","","53.6"
"53","Joe Mixon","HOU","6","RB20","53","52","47","64","","53.8"
"54","DeVonta Smith","PHI","9","WR24","62","53","53","57","","56.6"
"55","D'Andre Swift","CHI","5","RB21","56","74","60","43","","56.8"
"56","Xavier Worthy","KC","10","WR25","50","55","66","66","","57.4"
"57","David Montgomery","DET","8","RB22","61","56","64","58","","59.0"
"58","Travis Kelce","KC","10","TE5","55","66","57","65","","61.4"
"59","Zay Flowers","BAL","7","WR26","54","54","69","69","","61.6"
"60","TreVeyon Henderson","NE","14","RB23","72","65","67","48","","61.8"
"61","Jameson Williams","DET","8","WR27","65","59","55","67","","62.6"
"62","T.J. Hockenson","MIN","6","TE6","57","58","51","73","","62.8"
"63","Baker Mayfield","TB","9","QB7","51","68","61","76","","63.4"
"64","Aaron Jones Sr.","MIN","6","RB24","69","69","74","56","","64.0"
"65","RJ Harvey","DEN","12","RB25","80","61","71","50","","64.2"
"66","Travis Hunter","JAC","8","WR28","60","64","59","71","","64.4"
"67","George Pickens","DAL","10","WR29","64","60","76","70","","66.6"
"68","Isiah Pacheco","KC","10","RB26","75","63","62","60","","66.8"
"69","Tetairoa McMillan","CAR","14","WR30","73","62","77","53","","67.0"
"70","Calvin Ridley","TEN","10","WR31","63","75","72","61","","68.8"
"71","Kaleb Johnson","PIT","5","RB27","74","81","80","54","","71.0"
"72","Bo Nix","DEN","12","QB8","67","76","65","83","","73.6"
"73","Tony Pollard","TEN","10","RB28","87","77","82","59","","74.0"
"74","Mark Andrews","BAL","7","TE7","70","78","56","94","","74.8"
"75","Jaylen Waddle","MIA","12","WR32","66","67","85","79","","75.4"
"76","Jerry Jeudy","CLE","9","WR33","68","73","101","68","","75.8"
"77","Chris Olave","NO","11","WR34","88","70","87","74","","80.6"
"78","Chris Godwin","TB","9","WR35","90","79","86","77","","80.8"
"79","Brian Robinson Jr.","WAS","12","RB29","91","84","91","75","","82.4"
"80","Rome Odunze","CHI","5","WR36","76","80","93","88","","84.6"
"81","Jordan Addison","MIN","6","WR37","93","72","92","85","","85.0"
"82","Evan Engram","DEN","12","TE8","79","87","75","87","","86.0"
"83","Kyler Murray","ARI","8","QB9","77","97","81","98","","86.4"
"84","David Njoku","CLE","9","TE9","71","93","84","112","","88.2"
"85","Cooper Kupp","SEA","8","WR38","78","88","105","84","","88.4"
"86","Deebo Samuel Sr.","WAS","12","WR39","98","86","97","80","","88.6"
"87","Stefon Diggs","NE","14","WR40","85","89","96","86","","88.8"
"88","Tyrone Tracy Jr.","NYG","14","RB30","95","85","106","72","","90.4"
"89","Jakobi Meyers","LV","8","WR41","86","82","125","97","","93.6"
"90","Jaylen Warren","PIT","5","RB31","101","92","109","78","","93.8"
"91","Cam Skattebo","NYG","14","RB32","99","100","98","82","","93.8"
"92","Quinshon Judkins","CLE","9","RB33","141","71","90","91","","96.8"
"93","Khalil Shakir","BUF","7","WR42","106","83","100","102","","99.2"
"94","Travis Etienne Jr.","JAC","8","RB34","122","94","114","81","","100.6"
"95","Jauan Jennings","SF","14","WR43","110","96","108","93","","101.0"
"96","Matthew Golden","GB","5","WR44","89","98","124","92","","102.8"
"97","Jared Goff","DET","8","QB10","114","91","99","114","","103.6"
"98","Brock Purdy","SF","14","QB11","82","109","104","124","","104.0"
"99","Brandon Aubrey","DAL","10","K1","96","128","70","123","","104.8"
"100","Javonte Williams","DAL","10","RB35","97","104","141","89","","104.8"
"101","Ricky Pearsall","SF","14","WR45","112","102","118","101","","105.8"
"102","Dak Prescott","DAL","10","QB12","102","120","119","105","","106.2"
"103","Denver Broncos","DST","12","DST1","84","130","83","134","","108.8"
"104","Justin Fields","NYJ","9","QB13","117","140","63","121","","109.8"
"105","Rhamondre Stevenson","NE","14","RB36","107","115","122","103","","111.2"
"106","Jayden Reed","GB","5","WR46","120","99","123","110","","111.6"
"107","Justin Herbert","LAC","12","QB14","94","103","126","129","","112.8"
"108","Tyler Warren","IND","11","TE10","124","95","107","113","","113.4"
"109","Colston Loveland","CHI","5","TE11","115","107","116","104","","115.0"
"110","Tucker Kraft","GB","5","TE12","100","117","117","117","","115.2"
"111","Caleb Williams","CHI","5","QB15","119","121","111","106","","115.8"
"112","J.K. Dobbins","DEN","12","RB37","104","118","160","95","","116.2"
"113","Philadelphia Eagles","DST","9","DST2","118","129","94","146","","116.8"
"114","Najee Harris","LAC","12","RB38","159","108","113","109","","116.8"
"115","Jonnu Smith","PIT","5","TE13","169","90","73","135","","118.2"
"116","Jordan Mason","MIN","6","RB39","139","110","145","90","","118.8"
"117","Emeka Egbuka","TB","9","WR47","121","106","156","111","","122.6"
"118","Zach Charbonnet","SEA","8","RB40","151","111","157","96","","122.8"
"119","Cameron Dicker","LAC","12","K2","111","133","79","148","","123.0"
"120","Brandon Aiyuk","SF","14","WR48","162","105","121","126","","123.4"
"121","Josh Downs","IND","11","WR49","150","101","137","118","","124.4"
"122","Keon Coleman","BUF","7","WR50","109","119","144","132","","124.8"
"123","Michael Pittman Jr.","IND","11","WR51","116","116","174","115","","127.8"
"124","Pittsburgh Steelers","DST","5","DST3","83","132","129","157","","129.2"
"125","Jake Bates","DET","8","K3","92","131","103","160","","130.6"
"126","Darnell Mooney","ATL","5","WR52","126","112","170","133","","131.2"
"127","Jordan Love","GB","5","QB16","123","125","134","153","","131.2"
"128","Baltimore Ravens","DST","7","DST4","105","153","120","166","","131.6"
"129","Rachaad White","TB","9","RB41","140","139","138","119","","133.0"
"130","Dallas Goedert","PHI","9","TE14","113","127","130","162","","133.4"
"131","Tyjae Spears","TEN","10","RB42","137","126","175","100","","133.6"
"132","Dalton Kincaid","BUF","7","TE15","129","113","128","145","","133.6"
"133","Buffalo Bills","DST","7","DST5","147","154","95","150","","136.0"
"134","Jake Ferguson","DAL","10","TE16","133","123","152","130","","136.2"
"135","C.J. Stroud","HOU","6","QB17","142","122","132","147","","137.8"
"136","Kyle Pitts Sr.","ATL","5","TE17","135","124","135","137","","139.8"
"137","Austin Ekeler","WAS","12","RB43","125","166","166","120","","140.0"
"138","Tank Bigsby","JAC","8","RB44","134","146","208","99","","140.8"
"139","Jaydon Blue","DAL","10","RB45","189","138","149","107","","141.8"
"140","Houston Texans","DST","6","DST6","81","160","142","158","","143.0"
"141","Chase McLaughlin","TB","9","K4","103","155","112","176","","144.2"
"142","Drake Maye","NE","14","QB18","149","142","146","142","","147.0"
"143","J.J. McCarthy","MIN","6","QB19","132","145","151","140","","147.4"
"144","Jayden Higgins","HOU","6","WR53","130","114","205","127","","147.8"
"145","Minnesota Vikings","DST","6","DST7","108","159","147","174","","149.2"
"146","Tre' Harris","LAC","12","WR54","175","136","159","141","","150.6"
"147","Chris Boswell","PIT","5","K5","136","134","68","206","","151.8"
"148","Rashid Shaheed","NO","11","WR55","127","137","183","169","","153.4"
"149","Nick Chubb","HOU","6","RB46","168","144","189","116","","153.8"
"150","Isaac Guerendo","SF","14","RB47","191","152","177","122","","153.8"
"151","Zach Ertz","WAS","12","TE18","161","149","165","165","","154.4"
"152","Marvin Mims Jr.","DEN","12","WR56","158","141","171","136","","158.6"
"153","Ka'imi Fairbairn","HOU","6","K6","172","163","89","168","","160.8"
"154","Trey Benson","ARI","8","RB48","155","168","228","125","","162.4"
"155","Luther Burden III","CHI","5","WR57","173","143","211","156","","164.0"
"156","Harrison Butker","KC","10","K7","145","135","143","200","","164.2"
"157","Jake Elliott","PHI","9","K8","138","162","131","223","","165.4"
"158","Jerome Ford","CLE","9","RB49","143","177","246","108","","165.6"
"159","Tyler Allgeier","ATL","5","RB50","167","176","173","144","","166.2"
"160","Bhayshul Tuten","JAC","8","RB51","237","164","155","139","","166.6"
"161","Detroit Lions","DST","8","DST8","128","156","148","222","","167.4"
"162","Tua Tagovailoa","MIA","12","QB20","164","196","192","151","","168.4"
"163","Marquise Brown","KC","10","WR58","178","175","115","161","","169.6"
"164","Jack Bech","LV","8","WR59","152","167","222","149","","169.8"
"165","San Francisco 49ers","DST","14","DST9","180","158","78","224","","170.2"
"166","Trevor Lawrence","JAC","8","QB21","181","171","182","154","","170.6"
"167","Christian Kirk","HOU","6","WR60","239","148","169","167","","170.8"
"168","Ray Davis","BUF","7","RB52","219","170","216","128","","174.8"
"169","Isaiah Likely","BAL","7","TE19","193","151","154","183","","175.2"
"170","Hunter Henry","NE","14","TE20","160","169","172","159","","175.2"
"171","Cameron Ward","TEN","10","QB22","163","150","163","218","","175.8"
"172","Rashod Bateman","BAL","7","WR61","185","165","184","189","","176.8"
"173","Tyler Bass","BUF","7","K9","148","161","140","244","","178.0"
"174","Matthew Stafford","LAR","8","QB23","165","193","161","220","","180.2"
"175","Michael Penix Jr.","ATL","5","QB24","182","173","186","188","","180.2"
"176","Kansas City Chiefs","DST","10","DST10","179","182","136","199","","181.0"
"177","Dylan Sampson","CLE","9","RB53","156","174","263","138","","181.8"
"178","Braelon Allen","NYJ","9","RB54","194","192","227","131","","182.0"
"179","Adam Thielen","CAR","14","WR62","154","172","207","204","","183.6"
"180","Xavier Legette","CAR","14","WR63","157","190","204","182","","183.8"
"181","Jason Sanders","MIA","12","K10","144","265","110","227","","185.0"
"182","Kyle Williams","NE","14","WR64","196","147","218","186","","189.2"
"183","Jaylen Wright","MIA","12","RB55","211","197","233","152","","190.6"
"184","Wil Lutz","DEN","12","K11","206","217","133","175","","190.8"
"185","Younghoe Koo","ATL","5","K12","188","179","167","258","","196.6"
"186","Green Bay Packers","DST","5","DST11","187","218","193","241","","197.6"
"187","Washington Commanders","DST","12","DST12","204","157","164","256","","197.8"
"188","Kareem Hunt","KC","10","RB56","215","204","199","171","","197.8"
"189","Darren Waller","MIA","12","TE21","201","219","180","226","","198.0"
"190","Dallas Cowboys","DST","10","DST13","190","261","158","210","","199.0"
"191","Keenan Allen","LAC","12","WR65","153","207","286","164","","199.6"
"192","New York Giants","DST","14","DST14","183","221","191","233","","199.6"
"193","Jalen McMillan","TB","9","WR66","229","180","213","173","","202.4"
"194","Evan McPherson","CIN","10","K13","184","185","187","257","","203.0"
"195","Pat Freiermuth","PIT","5","TE22","199","199","176","229","","204.8"
"196","Quentin Johnston","LAC","12","WR67","212","201","253","225","","206.2"
"197","Brenton Strange","JAC","8","TE23","236","187","250","177","","207.8"
"198","Anthony Richardson Sr.","IND","11","QB25","210","211","214","209","","209.6"
"199","Cedric Tillman","CLE","9","WR68","177","188","315","185","","211.8"
"200","Wan'Dale Robinson","NYG","14","WR69","216","194","265","187","","212.6"
"201","Los Angeles Chargers","DST","12","DST15","213","263","153","242","","212.8"
"202","Los Angeles Rams","DST","8","DST16","207","223","194","215","","213.0"
"203","New York Jets","DST","9","DST17","176","220","209","261","","213.8"
"204","Romeo Doubs","GB","5","WR70","234","208","224","196","","213.8"
"205","Geno Smith","LV","8","QB26","214","226","197","232","","215.8"
"206","Justice Hill","BAL","7","RB57","253","213","229","163","","216.4"
"207","Seattle Seahawks","DST","8","DST18","131","184","178","","","174.5"
"208","Rico Dowdle","CAR","14","RB58","","178","212","143","","179.3"
"209","Matt Gay","WAS","12","K14","171","","179","250","","187.5"
"210","DeAndre Hopkins","BAL","7","WR71","208","202","185","155","","187.5"
"211","Bryce Young","CAR","14","QB27","186","189","188","192","","188.8"
"212","Chicago Bears","DST","5","DST19","203","","88","239","","189.5"
"213","Jacory Croskey-Merritt","WAS","12","RB59","282","224","348","205","","255.8"
"214","Tampa Bay Buccaneers","DST","9","DST20","192","183","139","269","","195.8"
"215","Roschon Johnson","CHI","5","RB60","","205","271","184","","202.0"
"216","Tyler Loop","BAL","7","K15","170","181","206","253","","202.5"
"217","Arizona Cardinals","DST","8","DST21","200","","150","243","","203.8"
"218","New England Patriots","DST","14","DST22","146","222","190","259","","204.3"
"219","Cade Otton","TB","9","TE24","226","206","201","190","","205.8"
"220","Sam Darnold","SEA","8","QB28","209","210","198","208","","206.3"
"221","Brandon McManus","GB","5","K16","202","","202","228","","207.0"
"222","DeMario Douglas","NE","14","WR72","","203","279","179","","209.5"
"223","Mike Gesicki","CIN","10","TE25","205","191","249","194","","209.8"
"224","Chig Okonkwo","TEN","10","TE26","195","228","234","191","","212.0"
"225","Aaron Rodgers","PIT","5","QB29","197","225","195","236","","213.3"
"226","Zack Moss","","","RB61","","296","203","203","","214.3"
"227","Joshua Palmer","BUF","7","WR73","","198","240","214","","216.5"
"228","Elijah Arroyo","SEA","8","TE27","230","195","259","202","","221.5"
"229","Blake Corum","LAR","8","RB62","","212","241","211","","222.8"
"230","Daniel Carlson","LV","8","K17","217","260","162","260","","224.8"
"231","Dalton Schultz","HOU","6","TE28","225","215","219","251","","227.5"
"232","MarShawn Lloyd","GB","5","RB63","","248","289","193","","228.0"
"233","Raheem Mostert","LV","8","RB64","","241","235","245","","228.3"
"234","Will Reichard","MIN","6","K18","221","262","196","263","","235.5"
"235","DJ Giddens","IND","11","RB65","","234","300","195","","236.8"
"236","Jake Moody","SF","14","K19","222","259","200","268","","237.3"
"237","Will Shipley","PHI","9","RB66","","231","326","212","","239.8"
"238","Taysom Hill","NO","11","TE29","259","297","269","","","243.0"
"239","Woody Marks","HOU","6","RB67","","235","395","172","","253.8"
"240","Isaac TeSlaa","DET","8","WR74","257","269","244","262","","258.0"
"241","Jarquez Hunter","LAR","8","RB68","","214","462","178","","265.0"
"242","Kendre Miller","NO","11","RB69","","282","366","252","","270.0"
"243","Dontayvion Wicks","GB","5","WR75","288","288","294","213","","270.8"
"244","Cincinnati Bengals","DST","10","DST23","223","","102","264","","196.3"
"245","Mason Taylor","NYJ","9","TE30","448","200","257","197","","275.5"
"246","Cleveland Browns","DST","9","DST24","220","","127","266","","204.3"
"247","Shedeur Sanders","CLE","9","QB30","198","227","221","","","215.3"
"248","Indianapolis Colts","DST","11","DST25","166","276","223","","","221.7"
"249","Miles Sanders","DAL","10","RB70","","232","255","181","","222.7"
"250","Dont'e Thornton Jr.","LV","8","WR76","","186","260","240","","228.7"
"251","Audric Estime","DEN","12","RB71","350","302","335","207","","298.5"
"252","Jalen Royals","KC","10","WR77","290","239","432","234","","298.8"
"253","Tyler Lockett","TEN","10","WR78","231","233","232","","","232.0"
"254","Joshua Karty","LAR","8","K20","228","","210","265","","234.3"
"255","Calvin Austin III","PIT","5","WR79","","230","256","","","237.0"
"256","Alec Pierce","IND","11","WR80","","229","242","248","","239.7"
"257","Jaxson Dart","NYG","14","QB31","224","243","254","","","240.3"
"258","Las Vegas Raiders","DST","8","DST26","235","267","220","","","240.7"
"259","Cole Kmet","CHI","5","TE31","240","257","225","","","240.7"
"260","Russell Wilson","NYG","14","QB32","245","249","230","","","241.3"
"261","Miami Dolphins","DST","12","DST27","249","266","215","","","243.3"
"262","Elijah Mitchell","KC","10","RB72","","273","258","201","","244.0"
"263","Jaleel McLaughlin","DEN","12","RB73","","301","168","270","","246.3"
"264","Kyle Monangai","CHI","5","RB74","","244","327","170","","247.0"
"265","New Orleans Saints","DST","11","DST28","242","268","239","","","249.7"
"266","Jacksonville Jaguars","DST","8","DST29","238","278","243","","","253.0"
"267","Andrei Iosivas","CIN","10","WR81","","274","277","217","","256.0"
"268","Justin Tucker","","","K21","218","270","285","","","257.7"
"269","Trevor Etienne","CAR","14","RB75","","292","262","221","","258.3"
"270","Tahj Brooks","CIN","10","RB76","382","238","460","198","","319.5"
"271","Ja'Tavion Sanders","CAR","14","TE32","277","247","273","","","265.7"
"272","Noah Gray","KC","10","TE33","265","284","248","","","265.7"
"273","Jalen Milroe","SEA","8","QB33","244","272","282","","","266.0"
"274","Tyler Higbee","LAR","8","TE34","246","291","261","","","266.0"
"275","Tennessee Titans","DST","10","DST30","268","264","268","","","266.7"
"276","Darius Slayton","NYG","14","WR82","","253","321","231","","268.3"
"277","Brashard Smith","KC","10","RB77","","236","373","219","","276.0"
"278","Jordan James","SF","14","RB78","","254","337","237","","276.0"
"279","Noah Fant","CIN","10","TE35","280","304","247","","","277.0"
"280","Jaylin Noel","HOU","6","WR83","","237","354","254","","281.7"
"281","Terrance Ferguson","LAR","8","TE36","287","242","318","","","282.3"
"282","Keaton Mitchell","BAL","7","RB79","","271","334","246","","283.7"
"283","Ollie Gordon II","MIA","12","RB80","","290","328","235","","284.3"
"284","A.J. Dillon","PHI","9","RB81","349","","292","216","","285.7"
"285","Dyami Brown","JAC","8","WR84","","246","364","247","","285.7"
"286","Pat Bryant","DEN","12","WR85","","209","394","255","","286.0"
"287","Joe Flacco","CLE","9","QB34","291","280","291","","","287.3"
"288","Cairo Santos","CHI","5","K22","174","","226","","","200.0"
"289","Jason Myers","SEA","8","K23","232","","181","","","206.5"
"290","Troy Franklin","DEN","12","WR86","307","295","342","","","314.7"
"291","Atlanta Falcons","DST","5","DST31","233","","217","","","225.0"
"292","Samaje Perine","CIN","10","RB82","","","307","","","232.0"
"293","Devin Neal","NO","11","RB83","","216","535","249","","333.3"
"294","Tory Horton","SEA","8","WR87","312","277","378","","","322.3"
"295","Theo Johnson","NYG","14","TE37","396","252","336","","","328.0"
"296","Cam Little","JAC","8","K24","254","","231","","","242.5"
"297","Michael Mayer","LV","8","TE38","388","306","295","","","329.7"
"298","Dawson Knox","BUF","7","TE39","241","","251","","","246.0"
"299","Roman Wilson","PIT","5","WR88","348","258","390","","","332.0"
"300","Blake Grupe","NO","11","K25","262","","236","","","249.0"
"301","Tank Dell","HOU","6","WR89","255","","245","","","250.0"
"302","Carolina Panthers","DST","14","DST32","227","","274","","","250.5"
"303","KaVontae Turpin","DAL","10","WR90","267","","237","","","252.0"
"304","Alexander Mattison","MIA","12","RB84","","","332","180","","256.0"
"305","Graham Gano","NYG","14","K26","247","","267","","","257.0"
"306","Andy Borregales","NE","14","K27","248","","266","","","257.0"
"307","Kayshon Boutte","NE","14","WR91","329","300","388","","","339.0"
"308","Jimmy Horn Jr.","CAR","14","WR92","243","","280","","","261.5"
"309","Kirk Cousins","ATL","5","QB35","263","","264","","","263.5"
"310","Dustin Hopkins","CLE","9","K28","250","","281","","","265.5"
"311","Antonio Gibson","NE","14","RB85","","","308","230","","269.0"
"312","Juwan Johnson","NO","11","TE40","","255","284","","","269.5"
"313","Jahan Dotson","PHI","9","WR93","252","","293","","","272.5"
"314","Elic Ayomanor","TEN","10","WR94","","240","311","","","275.5"
"315","JuJu Smith-Schuster","KC","10","WR95","276","","275","","","275.5"
"316","Sean Tucker","TB","9","RB86","","","325","238","","281.5"
"317","Diontae Johnson","CLE","9","WR96","","289","278","","","283.5"
"318","Tyler Conklin","LAC","12","TE41","","299","270","","","284.5"
"319","Luke McCaffrey","WAS","12","WR97","275","","297","","","286.0"
"320","AJ Barner","SEA","8","TE42","283","","290","","","286.5"
"321","Luke Musgrave","GB","5","TE43","264","","310","","","287.0"
"322","Joey Slye","TEN","10","K29","278","","298","","","288.0"
"323","Xavier Restrepo","TEN","10","WR98","367","279","431","","","359.0"
"324","Michael Wilson","ARI","8","WR99","","251","333","","","292.0"
"325","Ray-Ray McCloud III","ATL","5","WR100","","","319","267","","293.0"
"326","Tim Patrick","DET","8","WR101","285","","301","","","293.0"
"327","Hunter Renfrow","CAR","14","WR102","251","","341","","","296.0"
"328","Marquez Valdes-Scantling","SEA","8","WR103","","293","303","","","298.0"
"329","Jalen Coker","CAR","14","WR104","","245","353","","","299.0"
"330","Chad Ryland","ARI","8","K30","326","","272","","","299.0"
"331","Tutu Atwell","LAR","8","WR105","","298","304","","","301.0"
"332","Tyler Shough","NO","11","QB36","","275","329","","","302.0"
"333","Jermaine Burton","CIN","10","WR106","344","307","453","","","368.0"
"334","Joe Milton III","DAL","10","QB37","289","","316","","","302.5"
"335","Christian Watson","GB","5","WR107","","283","323","","","303.0"
"336","Adonai Mitchell","IND","11","WR108","","256","351","","","303.5"
"337","Daniel Jones","IND","11","QB38","","287","320","","","303.5"
"338","Harold Fannin Jr.","CLE","9","TE44","325","285","530","","","380.0"
"339","Will Dissly","LAC","12","TE45","328","","283","","","305.5"
"340","Parker Romo","NE","14","K31","292","","324","","","308.0"
"341","Grant Calcaterra","PHI","9","TE46","311","","305","","","308.0"
"342","Elijah Moore","BUF","7","WR109","322","","299","","","310.5"
"343","Will Howard","PIT","5","QB39","293","","330","","","311.5"
"344","Jameis Winston","NYG","14","QB40","286","","338","","","312.0"
"345","Spencer Shrader","IND","11","K32","313","","317","","","315.0"
"346","Brock Wright","DET","8","TE47","330","","313","","","321.5"
"347","Darnell Washington","PIT","5","TE48","338","","306","","","322.0"
"348","Ryan Fitzgerald","CAR","14","K33","273","","372","","","322.5"
"349","Austin Hooper","NE","14","TE49","308","","340","","","324.0"
"350","Zamir White","LV","8","RB87","271","","384","","","327.5"
"351","Harrison Mevis","NYJ","9","K34","269","","392","","","330.5"
"352","Deshaun Watson","CLE","9","QB41","260","","403","","","331.5"
"353","Jake Bobo","SEA","8","WR110","294","","370","","","332.0"
"354","Nick Folk","NYJ","9","K35","270","","398","","","334.0"
"355","Odell Beckham Jr.","","","WR111","274","","399","","","336.5"
"356","Joshua Dobbs","NE","14","QB42","299","","375","","","337.0"
"357","Tanner McKee","PHI","9","QB43","310","","367","","","338.5"
"358","Josh Oliver","MIN","6","TE50","318","","360","","","339.0"
"359","Jordan Whittington","LAR","8","WR112","","294","389","","","341.5"
"360","Sterling Shepard","TB","9","WR113","346","","339","","","342.5"
"361","Amari Cooper","","","WR114","","250","436","","","343.0"
"362","Dameon Pierce","HOU","6","RB88","397","","296","","","346.5"
"363","Kalif Raymond","DET","8","WR115","337","","356","","","346.5"
"364","Ty Chandler","MIN","6","RB89","332","","365","","","348.5"
"365","Mack Hollins","NE","14","WR116","345","","358","","","351.5"
"366","Jermar Jefferson","TEN","10","RB90","266","","445","","","355.5"
"367","Trey Lance","LAC","12","QB44","296","","415","","","355.5"
"368","Quinn Ewers","MIA","12","QB45","315","","396","","","355.5"
"369","Craig Reynolds","DET","8","RB91","353","","361","","","357.0"
"370","Robert Woods","PIT","5","WR117","343","","374","","","358.5"
"371","Tylan Wallace","BAL","7","WR118","336","","383","","","359.5"
"372","Matthew Wright","CAR","14","K36","399","","322","","","360.5"
"373","Mac Jones","SF","14","QB46","360","","363","","","361.5"
"374","J.J. Taylor","HOU","6","RB92","362","","362","","","362.0"
"375","Hendon Hooker","DET","8","QB47","304","","423","","","363.5"
"376","Malik Willis","GB","5","QB48","309","","418","","","363.5"
"377","Carson Steele","KC","10","RB93","378","","352","","","365.0"
"378","Jude McAtamney","NYG","14","K37","272","","459","","","365.5"
"379","Drew Lock","SEA","8","QB49","389","","344","","","366.5"
"380","Greg Joseph","","","K38","356","","379","","","367.5"
"381","Kyle Juszczyk","SF","14","RB94","","","238","","","238.0"
"382","Andy Dalton","CAR","14","QB50","341","","397","","","369.0"
"383","Luke Schoonmaker","DAL","10","TE51","319","","422","","","370.5"
"384","Mecole Hardman Jr.","GB","5","WR119","363","","380","","","371.5"
"385","Ben Sinnott","WAS","12","TE52","","286","458","","","372.0"
"386","Jalin Hyatt","NYG","14","WR120","320","","424","","","372.0"
"387","Devin Singletary","NYG","14","RB95","","","252","","","252.0"
"388","Deuce Vaughn","DAL","10","RB96","369","","385","","","377.0"
"389","Mitchell Trubisky","BUF","7","QB51","317","","438","","","377.5"
"390","Olamide Zaccheaus","CHI","5","WR121","374","","381","","","377.5"
"391","Cooper Rush","BAL","7","QB52","316","","440","","","378.0"
"392","Caden Davis","BUF","7","K39","256","","536","","","396.0"
"393","Elijah Higgins","ARI","8","TE53","410","","347","","","378.5"
"394","Jordan Travis","","","QB53","258","","","","","258.0"
"395","KeAndre Lambert-Smith","LAC","12","WR122","261","","538","","","399.5"
"396","Jalen Nailor","MIN","6","WR123","453","","314","","","383.5"
"397","Kadarius Toney","","","WR124","321","","446","","","383.5"
"398","Kenneth Gainwell","PIT","5","RB97","","","276","","","276.0"
"399","Carson Wentz","","","QB54","375","","401","","","388.0"
"400","Tez Johnson","TB","9","WR125","334","","443","","","388.5"
"401","Aidan O'Connell","LV","8","QB55","391","","387","","","389.0"
"402","John Samuel Shenker","","","TE54","279","","","","","279.0"
"403","Scott Matlock","LAC","12","DT1","281","","","","","281.0"
"404","Kendrick Bourne","NE","14","WR126","376","","405","","","390.5"
"405","Oronde Gadsden II","LAC","12","TE55","","281","539","","","410.0"
"406","Ben DiNucci","","","QB56","284","","","","","284.0"
"407","Ainias Smith","PHI","9","WR127","413","","371","","","392.0"
"408","Patrick Ricard","BAL","7","RB98","379","","406","","","392.5"
"409","Curtis Samuel","BUF","7","WR128","381","","404","","","392.5"
"410","Jalen Tolbert","DAL","10","WR129","","","287","","","287.0"
"411","Tre Tucker","LV","8","WR130","","","288","","","288.0"
"412","Connor Heyward","PIT","5","TE56","442","","346","","","394.0"
"413","Jimmy Garoppolo","LAR","8","QB57","355","","435","","","395.0"
"414","Devaughn Vele","DEN","12","WR131","444","","350","","","397.0"
"415","Equanimeous St. Brown","SF","14","WR132","295","","561","","","428.0"
"416","Nathan Rourke","","","QB58","297","","","","","297.0"
"417","LaJohntay Wester","BAL","7","WR133","298","","529","","","413.5"
"418","Dalvin Cook","","","RB99","300","","","","","300.0"
"419","Tommy DeVito","NYG","14","QB59","301","","513","","","407.0"
"420","Ezekiel Elliott","","","RB100","302","","","","","302.0"
"421","Allen Lazard","NYJ","9","WR134","","","302","","","302.0"
"422","Mason Crosby","","","K40","303","","","","","303.0"
"423","Darius Hagans","","","RB101","","303","","","","303.0"
"424","Jaylin Lane","WAS","12","WR135","323","","480","","","401.5"
"425","Demarcus Robinson","SF","14","WR136","449","","355","","","402.0"
"426","Julio Jones","","","WR137","305","","","","","305.0"
"427","Jeff Driskel","","","QB60","","305","","","","305.0"
"428","Matt Barkley","","","QB61","306","","","","","306.0"
"429","Mason Rudolph","PIT","5","QB62","366","","441","","","403.5"
"430","Allen Robinson","II","","WR138","","308","","","","308.0"
"431","Nick Westbrook-Ikhine","MIA","12","WR139","","","309","","","309.0"
"432","Brandin Cooks","NO","11","WR140","","","312","","","312.0"
"433","Max Duggan","","","QB63","314","","","","","314.0"
"434","Mitchell Evans","CAR","14","TE57","324","","856","","","590.0"
"435","Damien Martinez","SEA","8","RB102","416","","409","","","412.5"
"436","DeWayne McBride","","","RB103","327","","","","","327.0"
"437","David Moore","CAR","14","WR141","468","","359","","","413.5"
"438","Marcus Mariota","WAS","12","QB64","429","","400","","","414.5"
"439","Jarrett Stidham","DEN","12","QB65","422","","408","","","415.0"
"440","Ty Johnson","BUF","7","RB104","","","331","","","331.0"
"441","Johnny Wilson","PHI","9","WR142","333","","680","","","506.5"
"442","Lil'Jordan Humphrey","NYG","14","WR143","357","","477","","","417.0"
"443","Devontez Walker","BAL","7","WR144","335","","666","","","500.5"
"444","Sione Vaki","DET","8","RB105","383","","454","","","418.5"
"445","Zane Gonzalez","","","K41","372","","467","","","419.5"
"446","Tyson Bagent","CHI","5","QB66","339","","646","","","492.5"
"447","Teddy Bridgewater","TB","9","QB67","340","","","","","340.0"
"448","Daniel Bellinger","NYG","14","TE58","392","","448","","","420.0"
"449","Julian Hill","MIA","12","TE59","472","","369","","","420.5"
"450","D.J. Montgomery","IND","11","WR145","400","","442","","","421.0"
"451","Stetson Bennett IV","LAR","8","QB68","342","","636","","","489.0"
"452","Spencer Rattler","NO","11","QB69","","","343","","","343.0"
"453","Drew Sample","CIN","10","TE60","","","345","","","345.0"
"454","Zach Wilson","MIA","12","QB70","347","","779","","","563.0"
"455","Emanuel Wilson","GB","5","RB106","","","349","","","349.0"
"456","C.J. Ham","MIN","6","RB107","412","","437","","","424.5"
"457","Ja'Corey Brooks","WAS","12","WR146","351","","","","","351.0"
"458","Frank Gore Jr.","BUF","7","RB108","423","","429","","","426.0"
"459","Savion Williams","GB","5","WR147","352","","714","","","533.0"
"460","Adam Trautman","DEN","12","TE61","440","","413","","","426.5"
"461","Noah Brown","WAS","12","WR148","","","357","","","357.0"
"462","Donovan Peoples-Jones","NO","11","WR149","358","","584","","","471.0"
"463","Eddy Pineiro","","","K42","359","","559","","","459.0"
"464","John Ross","","","WR150","361","","","","","361.0"
"465","Cade York","","","K43","445","","416","","","430.5"
"466","Tai Felton","MIN","6","WR151","364","","534","","","449.0"
"467","Julius Chestnut","TEN","10","RB109","365","","501","","","433.0"
"468","Jaren Hall","","","QB71","368","","","","","368.0"
"469","E.J. Jenkins","PHI","9","TE62","","","368","","","368.0"
"470","Raheem Blackshear","CAR","14","RB110","370","","502","","","436.0"
"471","Gavin Bartholomew","MIN","6","TE63","371","","727","","","549.0"
"472","Jermaine Jackson","","","WR152","373","","","","","373.0"
"473","Mo Alie-Cox","IND","11","TE64","","","376","","","376.0"
"474","Justin Watson","HOU","6","WR153","","","377","","","377.0"
"475","Efton Chism III","NE","14","WR154","377","","731","","","554.0"
"476","Clyde Edwards-Helaire","NO","11","RB111","","","382","","","382.0"
"477","Leonard Fournette","","","RB112","384","","","","","384.0"
"478","Damien Harris","","","RB113","385","","","","","385.0"
"479","Darrell Henderson Jr.","","","RB114","386","","","","","386.0"
"480","Parker Washington","JAC","8","WR155","","","386","","","386.0"
"481","Louis Rees-Zammit","","","RB115","387","","671","","","529.0"
"482","Aaron Shampklin","","","RB116","390","","","","","390.0"
"483","Jacob Cowing","SF","14","WR156","","","391","","","391.0"
"484","Brandon Allen","TEN","10","QB72","426","","466","","","446.0"
"485","Melvin Gordon","III","","RB117","393","","","","","393.0"
"486","Khalil Herbert","IND","11","RB118","408","","485","","","446.5"
"487","Sam Howell","MIN","6","QB73","394","","500","","","447.0"
"488","Tommy Tremble","CAR","14","TE65","480","","414","","","447.0"
"489","Matt Prater","","","K44","398","","542","","","470.0"
"490","Cam Akers","NO","11","RB119","489","","411","","","450.0"
"491","Jacob Kibodi","","","RB120","401","","","","","401.0"
"492","Jeremy McNichols","WAS","12","RB121","","","402","","","402.0"
"493","Trey Palmer","TB","9","WR157","477","","425","","","451.0"
"494","Dallin Holker","","","TE66","402","","836","","","619.0"
"495","Baylor Cupp","BAL","7","TE67","403","","824","","","613.5"
"496","Tanner Brown","","","K45","404","","","","","404.0"
"497","Jalen Reagor","LAC","12","WR158","405","","589","","","497.0"
"498","Phillip Dorsett II","LV","8","WR159","406","","","","","406.0"
"499","Greg Dortch","ARI","8","WR160","","","407","","","407.0"
"500","Travis Homer","CHI","5","RB122","431","","476","","","453.5"
"501","Terrace Marshall Jr.","PHI","9","WR161","407","","597","","","502.0"
"502","Israel Abanikanda","GB","5","RB123","409","","641","","","525.0"
"503","Darrynton Evans","BUF","7","RB124","","","410","","","410.0"
"504","Anthony Brown Jr.","","","QB74","411","","","","","411.0"
"505","Van Jefferson","TEN","10","WR162","","","412","","","412.0"
"506","Skyy Moore","KC","10","WR163","415","","497","","","456.0"
"507","Jake Browning","CIN","10","QB75","437","","475","","","456.0"
"508","DJ Chark Jr.","ATL","5","WR164","414","","754","","","584.0"
"509","Hassan Haskins","LAC","12","RB125","","","417","","","417.0"
"510","Laviska Shenault Jr.","BUF","7","WR165","417","","766","","","591.5"
"511","Avery Williams","PHI","9","RB126","418","","596","","","507.0"
"512","Kenny Pickett","CLE","9","QB76","","","419","","","419.0"
"513","Tyler Scott","CHI","5","WR166","419","","","","","419.0"
"514","Tyrion Davis-Price","","","RB127","","","420","","","420.0"
"515","Dorian Thompson-Robinson","PHI","9","QB77","420","","632","","","526.0"
"516","Sincere McCormick","LV","8","RB128","","","421","","","421.0"
"517","Dominic Lovett","DET","8","WR167","421","","711","","","566.0"
"518","Malik Heath","GB","5","WR168","424","","647","","","535.5"
"519","Jonathon Brooks","CAR","14","RB129","425","","813","","","619.0"
"520","Hunter Luepke","DAL","10","RB130","","","426","","","426.0"
"521","Robbie Chosen","SF","14","WR169","427","","","","","427.0"
"522","Chris Brooks","GB","5","RB131","","","427","","","427.0"
"523","Kimani Vidal","LAC","12","RB132","","","428","","","428.0"
"524","Charlie Jones","CIN","10","WR170","428","","631","","","529.5"
"525","Lenny Krieg","ATL","5","K46","","","430","","","430.0"
"526","Tom Kennedy","DET","8","WR171","430","","580","","","505.0"
"527","Tyreik McAllister","","","RB133","432","","","","","432.0"
"528","Ben Sauls","PIT","5","K47","","","433","","","433.0"
"529","Sam Ehlinger","DEN","12","QB78","433","","775","","","604.0"
"530","Greg Zuerlein","","","K48","","","434","","","434.0"
"531","Carson Strong","","","QB79","434","","","","","434.0"
"532","Matt Ammendola","","","K49","435","","","","","435.0"
"533","Cole Fotheringham","NE","14","TE68","436","","","","","436.0"
"534","Rondale Moore","MIN","6","WR172","438","","780","","","609.0"
"535","Jeremy Ruckert","NYJ","9","TE69","439","","794","","","616.5"
"536","Jamari Thrash","CLE","9","WR173","441","","815","","","628.0"
"537","Brayden Narveson","","","K50","443","","","","","443.0"
"538","Colby Parkinson","LAR","8","TE70","","","444","","","444.0"
"539","Ian Thomas","LV","8","TE71","474","","472","","","473.0"
"540","Tommy Mellott","LV","8","QB80","446","","725","","","585.5"
"541","John Metchie III","HOU","6","WR174","","","447","","","447.0"
"542","Matt Corral","","","QB81","447","","","","","447.0"
"543","Rasheen Ali","BAL","7","RB134","495","","452","","","473.5"
"544","Anders Carlson","","","K51","","","449","","","449.0"
"545","Ian Book","","","QB82","450","","","","","450.0"
"546","Davis Allen","LAR","8","TE72","","","450","","","450.0"
"547","Charlie Kolar","BAL","7","TE73","455","","495","","","475.0"
"548","Kyle McCord","PHI","9","QB83","451","","742","","","596.5"
"549","SaRodorick Thompson Jr.","","","RB135","452","","","","","452.0"
"550","Ryan Flournoy","DAL","10","WR175","454","","668","","","561.0"
"551","Mitch Van Vooren","CLE","9","WR176","","","455","","","455.0"
"552","Malik Washington","MIA","12","WR177","","","456","","","456.0"
"553","Andy Isabella","","","WR178","456","","761","","","608.5"
"554","Randy Bullock","","","K52","457","","","","","457.0"
"555","Charlie Smyth","NO","11","K53","","","457","","","457.0"
"556","Lucas Havrisik","","","K54","458","","","","","458.0"
"557","Desmond Ridder","CIN","10","QB84","465","","493","","","479.0"
"558","Isaiah Williams","CIN","10","WR179","459","","831","","","645.0"
"559","Sean Clifford","GB","5","QB85","460","","","","","460.0"
"560","Jalen White","GB","5","RB136","","","461","","","461.0"
"561","K.J. Osborn","WAS","12","WR180","461","","588","","","524.5"
"562","Malachi Corley","NYJ","9","WR181","462","","678","","","570.0"
"563","Michael Burton","DEN","12","RB137","","","463","","","463.0"
"564","LeQuint Allen Jr.","JAC","8","RB138","463","","875","","","669.0"
"565","Laquon Treadwell","IND","11","WR182","","","464","","","464.0"
"566","Xavier Smith","LAR","8","WR183","464","","639","","","551.5"
"567","Jacoby Brissett","ARI","8","QB86","","","465","","","465.0"
"568","Ryan Tannehill","","","QB87","466","","","","","466.0"
"569","Ben Skowronek","PIT","5","WR184","478","","489","","","483.5"
"570","Miles Boykin","CHI","5","WR185","467","","571","","","519.0"
"571","Jamaal Williams","","","RB139","","","468","","","468.0"
"572","Dare Ogunbowale","HOU","6","RB140","","","469","","","469.0"
"573","D.J. Williams","","","RB141","469","","842","","","655.5"
"574","Michael Gallup","WAS","12","WR186","","","470","","","470.0"
"575","Brady Russell","SEA","8","TE74","470","","651","","","560.5"
"576","Kenyan Drake","","","RB142","471","","","","","471.0"
"577","Dante Pettis","NO","11","WR187","","","471","","","471.0"
"578","Michael Badgley","","","K55","473","","","","","473.0"
"579","Foster Moreau","NO","11","TE75","","","473","","","473.0"
"580","Trayveon Williams","CLE","9","RB143","","","474","","","474.0"
"581","Riley Leonard","IND","11","QB88","475","","532","","","503.5"
"582","Irv Smith Jr.","HOU","6","TE76","476","","573","","","524.5"
"583","Giovanni Ricci","MIN","6","TE77","","","479","","","479.0"
"584","Javon Baker","NE","14","WR188","479","","674","","","576.5"
"585","Patrick Taylor Jr.","SF","14","RB144","","","481","","","481.0"
"586","Lucky Jackson","MIN","6","WR189","481","","519","","","500.0"
"587","Jonathan Ward","NYG","14","RB145","","","482","","","482.0"
"588","Ramel Keyton","","","WR190","482","","","","","482.0"
"589","Brett Maher","","","K56","483","","","","","483.0"
"590","Charlie Woerner","ATL","5","TE78","","","483","","","483.0"
"591","Kenny Yeboah","DET","8","TE79","","","484","","","484.0"
"592","Isaiah Neyor","GB","5","WR191","484","","670","","","577.0"
"593","Jimmy Graham","","","TE80","485","","","","","485.0"
"594","Chase Edmonds","","","RB146","486","","","","","486.0"
"595","Brevin Jordan","HOU","6","TE81","","","486","","","486.0"
"596","Davis Mills","HOU","6","QB89","","","487","","","487.0"
"597","Harrison Bryant","PHI","9","TE82","487","","583","","","535.0"
"598","Luke Farrell","SF","14","TE83","","","488","","","488.0"
"599","Bub Means","NO","11","WR192","488","","521","","","504.5"
"600","Trey Sermon","PIT","5","RB147","","","490","","","490.0"
"601","Anthony Gould","IND","11","WR193","490","","","","","490.0"
"602","Riley Patterson","","","K57","","","491","","","491.0"
"603","Michael Wiley","","","RB148","491","","","","","491.0"
"604","Jaret Patterson","LAC","12","RB149","","","492","","","492.0"
"605","Ben VanSumeren","PHI","9","LB1","492","","650","","","571.0"
"606","Arian Smith","NYJ","9","WR194","493","","740","","","616.5"
"607","Tyler Huntley","CLE","9","QB90","494","","","","","494.0"
"608","Tyler Badie","DEN","12","RB150","","","494","","","494.0"
"609","Tyler Goodson","IND","11","RB151","","","496","","","496.0"
"610","Cordarrelle Patterson","","","RB152","496","","543","","","519.5"
"611","Armani Rogers","","","TE84","497","","","","","497.0"
"612","Skylar Thompson","PIT","5","QB91","","","498","","","498.0"
"613","Quintez Cephus","HOU","6","WR195","498","","586","","","542.0"
"614","Qadree Ollison","","","RB153","499","","","","","499.0"
"615","Tyquan Thornton","KC","10","WR196","","","499","","","499.0"
"616","Justin Shorter","LV","8","WR197","","","503","","","503.0"
"617","Josh Whyle","TEN","10","TE85","","","505","","","505.0"
"618","Xavier Hutchinson","HOU","6","WR198","","","506","","","506.0"
"619","Caden Prieskorn","DEN","12","TE86","","","507","","","507.0"
"620","Derius Davis","LAC","12","WR199","","","508","","","508.0"
"621","Payne Durham","TB","9","TE87","","","510","","","510.0"
"622","Chris Rodriguez Jr.","WAS","12","RB154","","","511","","","511.0"
"623","Andre Szmyt","CLE","9","K58","","","512","","","512.0"
"624","Ryan Coe","TB","9","K59","","","514","","","514.0"
"625","Nate Adkins","DEN","12","TE88","","","515","","","515.0"
"626","Emari Demercado","ARI","8","RB155","","","516","","","516.0"
"627","Malik Knowles","","","WR200","","","517","","","517.0"
"628","Winston Wright","","","WR201","","","518","","","518.0"
"629","Cade Stover","HOU","6","TE89","","","520","","","520.0"
"630","Kendall Milton","CIN","10","RB156","","","522","","","522.0"
"631","George Holani","SEA","8","RB157","","","523","","","523.0"
"632","Jabari Small","DET","8","RB158","","","524","","","524.0"
"633","Terique Owens","SF","14","WR202","","","525","","","525.0"
"634","Sam Hartman","WAS","12","QB92","","","526","","","526.0"
"635","Terrell Jennings","NE","14","RB159","","","527","","","527.0"
"636","Jahmal Banks","BAL","7","WR203","","","528","","","528.0"
"637","Dillon Gabriel","CLE","9","QB93","","","531","","","531.0"
"638","Maddux Trujillo","IND","11","K60","","","533","","","533.0"
"639","Donovan Edwards","NYJ","9","RB160","","","537","","","537.0"
"640","Josh Johnson","WAS","12","QB94","","","540","","","540.0"
"641","Tyrod Taylor","NYJ","9","QB95","","","541","","","541.0"
"642","Nelson Agholor","","","WR204","","","544","","","544.0"
"643","DeAndre Carter","CLE","9","WR205","","","545","","","545.0"
"644","Taylor Heinicke","LAC","12","QB96","","","546","","","546.0"
"645","Chris Moore","WAS","12","WR206","","","547","","","547.0"
"646","Nick Vannett","MIN","6","TE90","","","548","","","548.0"
"647","Eric Saubert","SEA","8","TE91","","","549","","","549.0"
"648","Josh Reynolds","NYJ","9","WR207","","","550","","","550.0"
"649","Jamal Agnew","ATL","5","WR208","","","551","","","551.0"
"650","Johnny Mundt","JAC","8","TE92","","","552","","","552.0"
"651","Nick Kallerup","SEA","8","TE93","","","553","","","553.0"
"652","Nick Mullens","JAC","8","QB97","","","554","","","554.0"
"653","Pharaoh Brown","MIA","12","TE94","","","555","","","555.0"
"654","Hayden Hurst","","","TE95","","","556","","","556.0"
"655","John Kelly Jr.","","","RB161","","","557","","","557.0"
"656","Anthony Miller","BAL","7","WR209","","","558","","","558.0"
"657","Durham Smythe","CHI","5","TE96","","","560","","","560.0"
"658","Cedrick Wilson Jr.","NO","11","WR210","","","562","","","562.0"
"659","Jeff Wilson Jr.","","","RB162","","","563","","","563.0"
"660","Ross Dwelley","SF","14","TE97","","","564","","","564.0"
"661","Kyle Allen","DET","8","QB98","","","565","","","565.0"
"662","Tanner Hudson","CIN","10","TE98","","","566","","","566.0"
"663","Keith Kirkwood","BAL","7","WR211","","","567","","","567.0"
"664","KhaDarel Hodge","ATL","5","WR212","","","568","","","568.0"
"665","Kelvin Harmon","","","WR213","","","570","","","570.0"
"666","Ashton Dulin","IND","11","WR214","","","572","","","572.0"
"667","Gardner Minshew II","KC","10","QB99","","","574","","","574.0"
"668","Scotty Miller","PIT","5","WR215","","","575","","","575.0"
"669","Jakob Johnson","HOU","6","RB163","","","576","","","576.0"
"670","Trenton Irwin","JAC","8","WR216","","","577","","","577.0"
"671","Malik Taylor","DET","8","WR217","","","578","","","578.0"
"672","Steven Sims Jr.","SEA","8","WR218","","","579","","","579.0"
"673","Devin Duvernay","CHI","5","WR219","","","581","","","581.0"
"674","Isaiah Hodgins","SF","14","WR220","","","582","","","582.0"
"675","Sean McKeon","IND","11","TE99","","","585","","","585.0"
"676","Cody White","SEA","8","WR221","","","587","","","587.0"
"677","DeeJay Dallas","ARI","8","RB164","","","590","","","590.0"
"678","Tyler Johnson","NYJ","9","WR222","","","591","","","591.0"
"679","Mason Kinsey","TEN","10","WR223","","","592","","","592.0"
"680","Tyrone Broden","SEA","8","WR224","","","593","","","593.0"
"681","Tarik Black","MIA","12","WR225","","","594","","","594.0"
"682","Tim Jones","MIN","6","WR226","","","595","","","595.0"
"683","Demetric Felton Jr.","WAS","12","RB165","","","598","","","598.0"
"684","Dez Fitzpatrick","LAC","12","WR227","","","599","","","599.0"
"685","Zach Davidson","BUF","7","TE100","","","600","","","600.0"
"686","Ihmir Smith-Marsette","NYG","14","WR228","","","601","","","601.0"
"687","Gary Brightwell","CIN","10","RB166","","","602","","","602.0"
"688","Michael Carter","ARI","8","RB167","","","603","","","603.0"
"689","Kyle Trask","TB","9","QB100","","","604","","","604.0"
"690","John Bates","WAS","12","TE101","","","605","","","605.0"
"691","Jack Stoll","NO","11","TE102","","","606","","","606.0"
"692","Shane Zylstra","DET","8","TE103","","","607","","","607.0"
"693","John FitzPatrick","GB","5","TE104","","","608","","","608.0"
"694","Michael Woods","II","","WR229","","","609","","","609.0"
"695","Montrell Washington","NYG","14","WR230","","","610","","","610.0"
"696","Treylon Burks","TEN","10","WR231","","","611","","","611.0"
"697","Drew Ogletree","IND","11","TE105","","","612","","","612.0"
"698","Nick Muse","PHI","9","TE106","","","613","","","613.0"
"699","Pierre Strong Jr.","CLE","9","RB168","","","614","","","614.0"
"700","Irvin Charles","NYJ","9","WR232","","","615","","","615.0"
"701","Zonovan Knight","ARI","8","RB169","","","616","","","616.0"
"702","Britain Covey","LAR","8","WR233","","","617","","","617.0"
"703","Bo Melton","GB","5","WR234","","","618","","","618.0"
"704","Justyn Ross","","","WR235","","","619","","","619.0"
"705","Kendric Pryor","CIN","10","WR236","","","620","","","620.0"
"706","Kaden Davis","CLE","9","WR237","","","621","","","621.0"
"707","Brandon Johnson","PIT","5","WR238","","","622","","","622.0"
"708","Seth Green","","","TE107","","","623","","","623.0"
"709","Kevin Austin Jr.","NO","11","WR239","","","624","","","624.0"
"710","Lucas Krull","DEN","12","TE108","","","625","","","625.0"
"711","Jashaun Corbin","ATL","5","RB170","","","626","","","626.0"
"712","Ronnie Rivers","LAR","8","RB171","","","627","","","627.0"
"713","Stone Smartt","NYJ","9","TE109","","","628","","","628.0"
"714","Tucker Fisk","LAC","12","TE110","","","629","","","629.0"
"715","Jonathan Mingo","DAL","10","WR240","","","630","","","630.0"
"716","Jalen Brooks","DAL","10","WR241","","","633","","","633.0"
"717","Lew Nichols III","PIT","5","RB172","","","634","","","634.0"
"718","Evan Hull","PIT","5","RB173","","","635","","","635.0"
"719","Zach Evans","","","RB174","","","637","","","637.0"
"720","Dresser Winn","LAR","8","QB101","","","638","","","638.0"
"721","Jake Haener","NO","11","QB102","","","640","","","640.0"
"722","Ronnie Bell","DET","8","WR242","","","643","","","643.0"
"723","Brayden Willis","SF","14","TE111","","","644","","","644.0"
"724","Cameron Latu","PHI","9","TE112","","","645","","","645.0"
"725","Nate McCollum","ARI","8","WR243","","","648","","","648.0"
"726","Xavier Gipson","NYJ","9","WR244","","","649","","","649.0"
"727","Nikko Remigio","KC","10","WR245","","","652","","","652.0"
"728","Carlos Washington Jr.","ATL","5","RB175","","","653","","","653.0"
"729","Jordan Mims","TEN","10","RB176","","","654","","","654.0"
"730","Shedrick Jackson","LV","8","WR246","","","655","","","655.0"
"731","Jordan Watkins","SF","14","WR247","","","656","","","656.0"
"732","Blake Whiteheart","CLE","9","TE113","","","657","","","657.0"
"733","Thayer Thomas","MIN","6","WR248","","","658","","","658.0"
"734","Keilan Robinson","PHI","9","RB177","500","","817","","","658.5"
"735","Johnny Lumpkin","GB","5","TE114","","","659","","","659.0"
"736","Tyrell Shavers","BUF","7","WR249","","","660","","","660.0"
"737","Rakim Jarrett","TB","9","WR250","","","661","","","661.0"
"738","Tanner Taula","TB","9","TE115","","","662","","","662.0"
"739","Ryan Miller","TB","9","WR251","","","663","","","663.0"
"740","Kazmeir Allen","WAS","12","WR252","","","664","","","664.0"
"741","Devin Leary","BAL","7","QB103","","","665","","","665.0"
"742","Erick All Jr.","CIN","10","TE116","","","667","","","667.0"
"743","Jawhar Jordan","HOU","6","RB178","","","669","","","669.0"
"744","Dylan Laube","LV","8","RB179","","","672","","","672.0"
"745","Tahj Washington","MIA","12","WR253","","","673","","","673.0"
"746","Jaheim Bell","NE","14","TE117","","","675","","","675.0"
"747","Ja'Lynn Polk","NE","14","WR254","","","676","","","676.0"
"748","Dante Miller","NYG","14","RB180","","","677","","","677.0"
"749","Isaiah Davis","NYJ","9","RB181","","","679","","","679.0"
"750","Tip Reiman","ARI","8","TE118","","","681","","","681.0"
"751","Brenden Rice","LAC","12","WR255","","","682","","","682.0"
"752","Devin Culp","TB","9","TE119","","","683","","","683.0"
"753","McCallan Castles","","","TE120","","","684","","","684.0"
"754","Emani Bailey","CAR","14","RB182","","","685","","","685.0"
"755","Austin Reed","CHI","5","QB104","","","686","","","686.0"
"756","Cam Grandy","CIN","10","TE121","","","687","","","687.0"
"757","Blake Watson","DEN","12","RB183","","","688","","","688.0"
"758","David Martin-Robinson","TEN","10","TE122","","","690","","","690.0"
"759","Bryce Oliver","TEN","10","WR256","","","691","","","691.0"
"760","John Rhys Plumlee","SEA","8","QB105","","","692","","","692.0"
"761","Mason Pline","NO","11","TE123","","","693","","","693.0"
"762","Cody Schrader","LAR","8","RB184","","","694","","","694.0"
"763","Colson Yankoff","WAS","12","TE124","","","695","","","695.0"
"764","Drake Stoops","LAR","8","WR257","","","696","","","696.0"
"765","Alex Hale","","","K61","","","697","","","697.0"
"766","Xavier Guillory","BAL","7","WR258","","","698","","","698.0"
"767","Marcus Major Jr.","BAL","7","RB185","","","699","","","699.0"
"768","Kayron Lynch-Adams","CAR","14","RB186","","","700","","","700.0"
"769","Jonathan Kim","CHI","5","K62","","","701","","","701.0"
"770","Jahdae Walker","CHI","5","WR259","","","702","","","702.0"
"771","Quali Conley","CIN","10","RB187","","","703","","","703.0"
"772","Payton Thorne","CIN","10","QB106","","","704","","","704.0"
"773","Luke Floriea","CLE","9","WR260","","","705","","","705.0"
"774","Rivaldo Fairweather","DAL","10","TE125","","","706","","","706.0"
"775","Traeshon Holden","DAL","10","WR261","","","707","","","707.0"
"776","Phil Mafah","DAL","10","RB188","","","708","","","708.0"
"777","Courtney Jackson","DEN","12","WR262","","","709","","","709.0"
"778","Caleb Lohner","DEN","12","TE126","","","710","","","710.0"
"779","Anthony Tyus III","SEA","8","RB189","","","713","","","713.0"
"780","Drake Dabney","TEN","10","TE127","","","716","","","716.0"
"781","Gunnar Helm","TEN","10","TE128","","","717","","","717.0"
"782","Graham Mertz","HOU","6","QB107","","","718","","","718.0"
"783","Patrick Herbert","JAC","8","TE129","","","719","","","719.0"
"784","Ja'Quinden Jackson","JAC","8","RB190","","","720","","","720.0"
"785","Jake Briningstool","KC","10","TE130","","","721","","","721.0"
"786","Tre Watson","KC","10","TE131","","","722","","","722.0"
"787","Tru Edwards","LAR","8","WR263","","","723","","","723.0"
"788","Konata Mumpfield","LAR","8","WR264","","","724","","","724.0"
"789","Cam Miller","LV","8","QB108","","","726","","","726.0"
"790","Silas Bolden","MIN","6","WR265","","","728","","","728.0"
"791","Max Brosmer","MIN","6","QB109","","","729","","","729.0"
"792","Ben Yurosek","MIN","6","TE132","","","730","","","730.0"
"793","Lan Larison","NE","14","RB191","","","732","","","732.0"
"794","Gee Scott Jr.","NE","14","TE133","","","733","","","733.0"
"795","Ben Wooldridge","NE","14","QB110","","","734","","","734.0"
"796","Moochie Dixon","NO","11","WR266","","","735","","","735.0"
"797","Chris Tyree","NO","11","RB192","","","736","","","736.0"
"798","Dalen Cambre","NYG","14","WR267","","","737","","","737.0"
"799","Beaux Collins","NYG","14","WR268","","","738","","","738.0"
"800","Brady Cook","NYJ","9","QB111","","","739","","","739.0"
"801","Darius Cooper","PHI","9","WR269","","","741","","","741.0"
"802","JJ Galbreath","PIT","5","TE134","","","743","","","743.0"
"803","Max Hurleman","PIT","5","CB1","","","744","","","744.0"
"804","Ameer Abdullah","SF","14","RB193","","","745","","","745.0"
"805","Zay Jones","ARI","8","WR270","","","746","","","746.0"
"806","Gerald Everett","","","TE135","","","747","","","747.0"
"807","Trent Taylor","SF","14","WR271","","","748","","","748.0"
"808","Robert Tonyan","KC","10","TE136","","","749","","","749.0"
"809","Mike White","BUF","7","QB112","","","751","","","751.0"
"810","Braxton Berrios","HOU","6","WR272","","","752","","","752.0"
"811","Deon Cain","BUF","7","WR273","","","753","","","753.0"
"812","Russell Gage Jr.","SF","14","WR274","","","755","","","755.0"
"813","Trent Sherfield Sr.","DEN","12","WR275","","","756","","","756.0"
"814","John Wolford","JAC","8","QB113","","","757","","","757.0"
"815","Alec Ingold","MIA","12","RB194","","","758","","","758.0"
"816","Will Grier","DAL","10","QB114","","","759","","","759.0"
"817","Andrew Beck","NYJ","9","TE137","","","760","","","760.0"
"818","Matt Sokol","BUF","7","TE138","","","762","","","762.0"
"819","Alex Bachman","LV","8","WR276","","","763","","","763.0"
"820","D'Ernest Johnson","BAL","7","RB195","","","764","","","764.0"
"821","Collin Johnson","LV","8","WR277","","","765","","","765.0"
"822","Trishton Jackson","ARI","8","WR278","","","767","","","767.0"
"823","Salvon Ahmed","IND","11","RB196","","","768","","","768.0"
"824","Marquez Callaway","","","WR279","","","769","","","769.0"
"825","Reggie Gilliam","BUF","7","RB197","","","770","","","770.0"
"826","Kristian Wilkerson","BUF","7","WR280","","","771","","","771.0"
"827","Dominique Dafney","CAR","14","TE139","","","772","","","772.0"
"828","Chris Blair","ATL","5","WR281","","","773","","","773.0"
"829","Seth Williams","LV","8","WR282","","","774","","","774.0"
"830","Kylen Granson","PHI","9","TE140","","","776","","","776.0"
"831","Hunter Long","JAC","8","TE141","","","777","","","777.0"
"832","Kene Nwangwu","NYJ","9","RB198","","","778","","","778.0"
"833","Dee Eskridge","MIA","12","WR283","","","781","","","781.0"
"834","Quintin Morris","JAC","8","TE142","","","782","","","782.0"
"835","Feleipe Franks","ATL","5","QB115","","","783","","","783.0"
"836","Austin Trammell","JAC","8","WR284","","","784","","","784.0"
"837","Michael Jacobson","NO","11","TE143","","","785","","","785.0"
"838","Velus Jones Jr.","NO","11","WR285","","","786","","","786.0"
"839","Jake Tonges","SF","14","TE144","","","787","","","787.0"
"840","Greg Dulcich","NYG","14","TE145","","","788","","","788.0"
"841","Samori Toure","CHI","5","WR286","","","789","","","789.0"
"842","Teagan Quitoriano","ATL","5","TE146","","","790","","","790.0"
"843","Jelani Woods","IND","11","TE147","","","791","","","791.0"
"844","Erik Ezukanma","MIA","12","WR287","","","792","","","792.0"
"845","Bailey Zappe","KC","10","QB116","","","793","","","793.0"
"846","Chris Oladokun","KC","10","QB117","","","795","","","795.0"
"847","Dareke Young","SEA","8","WR288","","","796","","","796.0"
"848","Ko Kieft","TB","9","TE148","","","797","","","797.0"
"849","Zaire Mitchell-Paden","BAL","7","TE149","","","798","","","798.0"
"850","Jalen Virgil","BUF","7","WR289","","","799","","","799.0"
"851","Tanner Conner","MIA","12","TE150","","","800","","","800.0"
"852","Braylon Sanders","WAS","12","WR290","","","801","","","801.0"
"853","John Stephens Jr.","DAL","10","WR291","","","802","","","802.0"
"854","Adrian Martinez","NYJ","9","QB118","","","803","","","803.0"
"855","Jaden Smith","TB","9","WR292","","","804","","","804.0"
"856","Jared Wayne","","","WR293","","","805","","","805.0"
"857","Elijah Cooks","PHI","9","WR294","","","806","","","806.0"
"858","Ben Sims","GB","5","TE151","","","807","","","807.0"
"859","Dylan Drummond","ATL","5","WR295","","","808","","","808.0"
"860","Mitchell Tinsley","CIN","10","WR296","","","809","","","809.0"
"861","Jase McClellan","","","RB199","","","811","","","811.0"
"862","Casey Washington","ATL","5","WR297","","","812","","","812.0"
"863","Tanner McLachlan","CIN","10","TE152","","","814","","","814.0"
"864","Michael Pratt","TB","9","QB119","","","816","","","816.0"
"865","Jared Wiley","KC","10","TE153","","","818","","","818.0"
"866","Cornelius Johnson","GB","5","WR298","","","819","","","819.0"
"867","Chris Collier","LV","8","RB200","","","820","","","820.0"
"868","Dayton Wade","BAL","7","WR299","","","821","","","821.0"
"869","Messiah Swinson","GB","5","TE154","","","822","","","822.0"
"870","Julian Hicks","GB","5","WR300","","","823","","","823.0"
"871","JaQuae Jackson","LAC","12","WR301","","","825","","","825.0"
"872","Xavier Johnson","HOU","6","WR302","","","826","","","826.0"
"873","Jack Plummer","CAR","14","QB120","","","827","","","827.0"
"874","Brenden Bates","CLE","9","TE155","","","828","","","828.0"
"875","Ian Wheeler","CHI","5","RB201","","","829","","","829.0"
"876","Brevyn Spann-Ford","DAL","10","TE156","","","830","","","830.0"
"877","Jason Bean","IND","11","QB121","","","832","","","832.0"
"878","Joshua Cephus","JAC","8","WR303","","","833","","","833.0"
"879","Carter Bradley","SF","14","QB122","","","834","","","834.0"
"880","Jeshaun Jones","MIN","6","WR304","","","835","","","835.0"
"881","Mason Tipton","NO","11","WR305","","","837","","","837.0"
"882","Xavier Weaver","ARI","8","WR306","","","838","","","838.0"
"883","John Jiles","NE","14","WR307","","","839","","","839.0"
"884","Tanner Mordecai","","","QB123","","","840","","","840.0"
"885","Kameron Johnson","TB","9","WR308","","","841","","","841.0"
"886","British Brooks","HOU","6","RB202","","","843","","","843.0"
"887","Neal Johnson","NYJ","9","TE157","","","844","","","844.0"
"888","Hayden Rucci","MIA","12","TE158","","","845","","","845.0"
"889","Jaelen Gill","","","WR309","","","846","","","846.0"
"890","Kevin Foelsch","","","TE159","","","847","","","847.0"
"891","Geor'Quarius Spivey","KC","10","TE160","","","848","","","848.0"
"892","Nick Nash","ATL","5","WR310","","","850","","","850.0"
"893","Joshua Simon","ATL","5","TE161","","","851","","","851.0"
"894","Lucas Scott","BAL","7","RB203","","","852","","","852.0"
"895","Jackson Hawes","BUF","7","TE162","","","854","","","854.0"
"896","Keleki Latu","BUF","7","TE163","","","855","","","855.0"
"897","Deion Hankins","CHI","5","RB204","","","857","","","857.0"
"898","Gage Larvadain","CLE","9","WR311","","","859","","","859.0"
"899","Josh Kelly","DAL","10","WR312","","","860","","","860.0"
"900","Tyler Neville","DAL","10","TE164","","","861","","","861.0"
"901","Jerjuan Newton","DEN","12","WR313","","","862","","","862.0"
"902","Zach Horton","DET","8","TE165","","","864","","","864.0"
"903","Jakobie Keeney-James","DET","8","WR314","","","865","","","865.0"
"904","Jackson Meeks","DET","8","WR315","","","866","","","866.0"
"905","Taylor Elgersma","GB","5","QB124","","","867","","","867.0"
"906","Amar Johnson","GB","5","RB205","","","868","","","868.0"
"907","Chimere Dike","TEN","10","WR316","","","869","","","869.0"
"908","Kalel Mullings","TEN","10","RB206","","","870","","","870.0"
"909","TJ Sheffield","TEN","10","WR317","","","871","","","871.0"
"910","Ajou Ajou","IND","11","WR318","","","872","","","872.0"
"911","Coleman Owen","IND","11","WR319","","","873","","","873.0"
"912","Landon Parker","IND","11","WR320","","","874","","","874.0"
"913","Cam Camper","JAC","8","WR321","","","876","","","876.0"
"914","Seth Henigan","JAC","8","QB125","","","877","","","877.0"
"915","Elijhah Badger","KC","10","WR322","","","878","","","878.0"
"916","Jimmy Holiday","KC","10","WR323","","","879","","","879.0"
"917","Elijah Young","KC","10","RB207","","","880","","","880.0"
"918","Brennan Presley","LAR","8","WR324","","","881","","","881.0"
"919","Anthony Torres","LAR","8","TE166","","","882","","","882.0"
"920","Ketron Jackson Jr.","LV","8","WR325","","","883","","","883.0"
"921","Andrew Armstrong","MIA","12","WR326","","","884","","","884.0"
"922","Jalin Conyers","MIA","12","TE167","","","885","","","885.0"
"923","AJ Henning","MIA","12","WR327","","","886","","","886.0"
"924","Myles Price","MIN","6","WR328","","","887","","","887.0"
"925","Tre Stewart","MIN","6","RB208","","","888","","","888.0"
"926","Brock Lampe","NE","14","RB209","","","889","","","889.0"
"927","Hunter Dekkers","NO","11","QB126","","","890","","","890.0"
"928","Marcus Yarns","NO","11","RB210","","","891","","","891.0"
"929","Thomas Fidone II","NYG","14","TE168","","","893","","","893.0"
"930","Dymere Miller","NYJ","9","WR329","","","894","","","894.0"
"931","Jamaal Pritchett","NYJ","9","WR330","","","895","","","895.0"
"932","Quentin Skinner","NYJ","9","WR331","","","896","","","896.0"
"933","Montrell Johnson Jr.","PHI","9","RB211","","","897","","","897.0"
"934","ShunDerrick Powell","PHI","9","RB212","","","898","","","898.0"
"935","Roc Taylor","PIT","5","WR332","","","899","","","899.0"
"936","DJ Thomas-Jones","PIT","5","TE169","","","900","","","900.0"
""
""